{"cameraMode":{"drawMode":0,"name":"Shaded","section":"Shading Mode"},"sceneLighting":false,"audioPlay":false,"sceneViewState":{"m_AlwaysRefresh":false,"showFog":false,"showSkybox":false,"showFlares":false,"showImageEffects":false,"showParticleSystems":false,"showVisualEffectGraphs":true,"m_FxEnabled":true},"in2DMode":false,"pivot":{"x":3.3995635509490969,"y":3.1510801315307619,"z":-0.04019349068403244},"rotation":{"x":0.0031946622766554357,"y":0.9927606582641602,"z":-0.11699730902910233,"w":0.027110055088996888},"size":5.316200256347656,"orthographic":false}